{
  "name": "user",
  "plural": "users",
  "base": "User",
  "idInjection": true,
  "options": {
    "validateUpsert": true
  },
  "properties": {
    "name": {
      "type": "string",
      "required": true
    },
    "email": {
      "type": "string",
      "required": true
    },
    "password": {
      "type": "string",
      "required": true
    },
    "phone": {
      "type": "number",
      "required": true
    },
    "about": {
      "type": "string"
    },
    "device": {
      "type": "string",
      "required": true
    },
    "device_id": {
      "type": "string",
      "required": true
    }
  },
  "validations": [],
  "relations": {},
  "acls": [
    {
      "accessType": "*",
      "principalType": "ROLE",
      "principalId": "$everyone",
      "permission": "DENY"
    },
    {
      "accessType": "READ",
      "principalType": "ROLE",
      "principalId": "$everyone",
      "permission": "ALLOW",
      "property": "listArticles"
    },
    {
      "accessType": "READ",
      "principalType": "ROLE",
      "principalId": "$authenticated",
      "permission": "ALLOW"
    },
    {
      "accessType": "EXECUTE",
      "principalType": "ROLE",
      "principalId": "$authenticated",
      "permission": "ALLOW",
      "property": "create"
    },
    {
      "accessType": "WRITE",
      "principalType": "ROLE",
      "principalId": "$owner",
      "permission": "ALLOW"
    }
  ],
  "methods": {}
}
